{
  "aggregate": {
    "timestamp": "2021-03-25T04:36:41.270Z",
    "scenariosCreated": 1,
    "scenariosCompleted": 1,
    "requestsCompleted": 7,
    "latency": {
      "min": 269.6,
      "max": 1289.8,
      "median": 414.6,
      "p95": 1289.8,
      "p99": 1289.8
    },
    "rps": {
      "count": 7,
      "mean": 1.75
    },
    "scenarioDuration": {
      "min": 3799.9,
      "max": 3799.9,
      "median": 3799.9,
      "p95": 3799.9,
      "p99": 3799.9
    },
    "scenarioCounts": {
      "0": 1
    },
    "errors": {},
    "codes": {
      "200": 3,
      "204": 4
    },
    "matches": 0,
    "customStats": {},
    "counters": {},
    "scenariosAvoided": 0,
    "phases": [
      {
        "duration": 1,
        "arrivalRate": 1,
        "name": "test Artillery"
      }
    ]
  },
  "intermediate": [
    {
      "timestamp": "2021-03-25T04:36:41.264Z",
      "scenariosCreated": 1,
      "scenariosCompleted": 1,
      "requestsCompleted": 7,
      "latency": {
        "min": 269.6,
        "max": 1289.8,
        "median": 414.6,
        "p95": 1289.8,
        "p99": 1289.8
      },
      "rps": {
        "count": 7,
        "mean": 1.75
      },
      "scenarioDuration": {
        "min": 3799.9,
        "max": 3799.9,
        "median": 3799.9,
        "p95": 3799.9,
        "p99": 3799.9
      },
      "scenarioCounts": {
        "0": 1
      },
      "errors": {},
      "codes": {
        "200": 3,
        "204": 4
      },
      "matches": 0,
      "latencies": [
        269564100,
        1289768800,
        373675600,
        286023300,
        414592500,
        469718500,
        609846000
      ],
      "customStats": {},
      "counters": {},
      "concurrency": 0,
      "pendingRequests": 0,
      "scenariosAvoided": 0
    }
  ]
}